{
  "battery": {
    "precision": 0.9827586206896551,
    "recall": 0.9743589743589743,
    "f1-score": 0.9785407725321889,
    "support": 117.0
  },
  "glass": {
    "precision": 0.911504424778761,
    "recall": 0.8803418803418803,
    "f1-score": 0.8956521739130435,
    "support": 117.0
  },
  "metal": {
    "precision": 0.8625954198473282,
    "recall": 0.9658119658119658,
    "f1-score": 0.9112903225806451,
    "support": 117.0
  },
  "organic": {
    "precision": 0.9915254237288136,
    "recall": 1.0,
    "f1-score": 0.9957446808510638,
    "support": 117.0
  },
  "paper": {
    "precision": 0.9734513274336283,
    "recall": 0.9401709401709402,
    "f1-score": 0.9565217391304348,
    "support": 117.0
  },
  "plastic": {
    "precision": 0.8648648648648649,
    "recall": 0.8205128205128205,
    "f1-score": 0.8421052631578947,
    "support": 117.0
  },
  "accuracy": 0.9301994301994302,
  "macro avg": {
    "precision": 0.9311166802238419,
    "recall": 0.9301994301994302,
    "f1-score": 0.9299758253608784,
    "support": 702.0
  },
  "weighted avg": {
    "precision": 0.9311166802238418,
    "recall": 0.9301994301994302,
    "f1-score": 0.9299758253608783,
    "support": 702.0
  }
}