phase,epoch,loss,accuracy,val_loss,val_accuracy
head,1,1.7918949127197266,0.16020910441875458,1.791763186454773,0.1666666716337204
